"","Type","Description","Case","Location","Agency","Date","CityState","Address","lon","lat"
"1",NA,"AUTO BURGLARY",130028331,"400 BLOCK AMHERST DR SE","Albuquerque Police","3/31/2013 18:32","Albuquerque NM","400 BLOCK AMHERST DR SE Albuquerque NM",-106.6057921,35.0754138
"2",NA,"BURGLARY/BREAKING AND ENTERING",130028322,"3600 BLOCK SILVER AV SE","Albuquerque Police","3/31/2013 18:00","Albuquerque NM","3600 BLOCK SILVER AV SE Albuquerque NM",-106.6045199,35.0784572
"3",NA,"AUTO BURGLARY",130028207,"300 BLOCK MADISON ST NE","Albuquerque Police","3/31/2013 5:30","Albuquerque NM","300 BLOCK MADISON ST NE Albuquerque NM",-106.591589,35.081941
"4",NA,"BURGLARY/BREAKING AND ENTERING",130028158,"1800 BLOCK SILVER AV SE","Albuquerque Police","3/30/2013 22:40","Albuquerque NM","1800 BLOCK SILVER AV SE Albuquerque NM",-106.6269949,35.07905
"5",NA,"BURGLARY/BREAKING AND ENTERING",130028148,"1800 BLOCK SILVER AV SE","Albuquerque Police","3/30/2013 22:00","Albuquerque NM","1800 BLOCK SILVER AV SE Albuquerque NM",-106.6269949,35.07905
"6",NA,"AUTO BURGLARY",130800858,"2000 BLOCK GOLD AV SE","Albuquerque Police","3/30/2013 14:10","Albuquerque NM","2000 BLOCK GOLD AV SE Albuquerque NM",-106.624445,35.07974
"7",NA,"THEFT FROM A MOTOR VEHICLE",130027970,"1500 BLOCK LEAD AV SE","Albuquerque Police","3/30/2013 11:15","Albuquerque NM","1500 BLOCK LEAD AV SE Albuquerque NM",-106.6308479,35.0788227
"8",NA,"COMMERCIAL BURGLARY",130027932,"3400 BLOCK CENTRAL AV E","Albuquerque Police","3/30/2013 6:57","Albuquerque NM","3400 BLOCK CENTRAL AV E Albuquerque NM",-106.6068726,35.0797839
"9",NA,"BURGLARY/BREAKING AND ENTERING",130027837,"100 BLOCK COLUMBIA DR SE","Albuquerque Police","3/29/2013 19:22","Albuquerque NM","100 BLOCK COLUMBIA DR SE Albuquerque NM",-106.6170292,35.0809014
"10",NA,"AUTO BURGLARY",130027800,"3000 BLOCK CENTRAL AV E","Albuquerque Police","3/29/2013 13:54","Albuquerque NM","3000 BLOCK CENTRAL AV E Albuquerque NM",-106.6116778,35.0805132
"11",NA,"AUTO THEFT",130027602,"800 BLOCK LOCUST PL NE","Albuquerque Police","3/29/2013 9:18","Albuquerque NM","800 BLOCK LOCUST PL NE Albuquerque NM",-106.6340149,35.1011407
"12",NA,"AUTO BURGLARY",130027518,"500 BLOCK CEDAR ST SE","Albuquerque Police","3/28/2013 22:25","Albuquerque NM","500 BLOCK CEDAR ST SE Albuquerque NM",-106.6345911,35.0783133
"13",NA,"AUTO BURGLARY",130027374,"100 BLOCK CARLISLE BL NE","Albuquerque Police","3/28/2013 14:34","Albuquerque NM","100 BLOCK CARLISLE BL NE Albuquerque NM",-106.6045089,35.0798141
"14",NA,"AUTO BURGLARY",130027275,"RICHMOND DR NE/ CENTRAL AV E","Albuquerque Police","3/28/2013 11:15","Albuquerque NM","RICHMOND DR NE/ CENTRAL AV E Albuquerque NM",-106.589031,35.077759
"15",NA,"AUTO THEFT",130027215,"200 BLOCK ADAMS ST SE","Albuquerque Police","3/28/2013 8:12","Albuquerque NM","200 BLOCK ADAMS ST SE Albuquerque NM",-106.5943177,35.0770611
"16",NA,"AUTO BURGLARY",130027201,"1100 BLOCK CENTRAL AV E","Albuquerque Police","3/28/2013 5:52","Albuquerque NM","1100 BLOCK CENTRAL AV E Albuquerque NM",-106.635382,35.081573
"17",NA,"AUTO BURGLARY",130027136,"300 BLOCK CEDAR ST SE","Albuquerque Police","3/27/2013 20:31","Albuquerque NM","300 BLOCK CEDAR ST SE Albuquerque NM",-106.6342209,35.080229
"18",NA,"AUTO THEFT",130027128,"500 BLOCK PRINCETON DR SE","Albuquerque Police","3/27/2013 19:13","Albuquerque NM","500 BLOCK PRINCETON DR SE Albuquerque NM",-106.615469,35.073527
"19",NA,"AUTO BURGLARY",130027075,"1100 BLOCK CENTRAL AV E","Albuquerque Police","3/27/2013 17:01","Albuquerque NM","1100 BLOCK CENTRAL AV E Albuquerque NM",-106.635382,35.081573
"20",NA,"BURGLARY/BREAKING AND ENTERING",130026997,"3900 BLOCK SOLANO PL NE","Albuquerque Police","3/27/2013 14:32","Albuquerque NM","3900 BLOCK SOLANO PL NE Albuquerque NM",-106.6014738,35.0955137
"21",NA,"ROBBERY",130026990,"2400 BLOCK LEAD AV SE","Albuquerque Police","3/27/2013 14:07","Albuquerque NM","2400 BLOCK LEAD AV SE Albuquerque NM",-106.6195553,35.0772921
"22",NA,"AUTO BURGLARY",130026947,"4400 BLOCK CUTLER AV NE","Albuquerque Police","3/27/2013 13:00","Albuquerque NM","4400 BLOCK CUTLER AV NE Albuquerque NM",-106.5944953,35.1047947
"23",NA,"AUTO BURGLARY",130026958,"1500 BLOCK INDIAN SCHOOL RD NE","Albuquerque Police","3/27/2013 12:02","Albuquerque NM","1500 BLOCK INDIAN SCHOOL RD NE Albuquerque NM",-106.628691,35.0977279
"24",NA,"AUTO BURGLARY",130800832,"400 BLOCK MONTCLAIRE DR NE","Albuquerque Police","3/27/2013 10:37","Albuquerque NM","400 BLOCK MONTCLAIRE DR NE Albuquerque NM",-106.5981582,35.0837408
"25",NA,"AUTO BURGLARY",130026885,"1500 BLOCK UNIVERSITY BL NE","Albuquerque Police","3/27/2013 9:00","Albuquerque NM","1500 BLOCK UNIVERSITY BL NE Albuquerque NM",-106.6267156,35.0974276
"26",NA,"AUTO BURGLARY",130026856,"1500 BLOCK INDIAN SCHOOL RD NE","Albuquerque Police","3/27/2013 8:15","Albuquerque NM","1500 BLOCK INDIAN SCHOOL RD NE Albuquerque NM",-106.628691,35.0977279
"27",NA,"AUTO THEFT",130026695,"1600 BLOCK LOMAS BL NE","Albuquerque Police","3/26/2013 15:51","Albuquerque NM","1600 BLOCK LOMAS BL NE Albuquerque NM",-106.626642,35.090076
"28",NA,"BURGLARY/BREAKING AND ENTERING",130026636,"4700 BLOCK MARQUETTE AV NE","Albuquerque Police","3/26/2013 13:18","Albuquerque NM","4700 BLOCK MARQUETTE AV NE Albuquerque NM",-106.5930068,35.0836596
"29",NA,"COMMERCIAL BURGLARY",130026623,"100 BLOCK MONTCLAIRE DR SE","Albuquerque Police","3/26/2013 12:08","Albuquerque NM","100 BLOCK MONTCLAIRE DR SE Albuquerque NM",-106.5987965,35.0790648
"30",NA,"AUTO BURGLARY",130026538,"1500 BLOCK TIJERAS AV NE","Albuquerque Police","3/26/2013 8:15","Albuquerque NM","1500 BLOCK TIJERAS AV NE Albuquerque NM",-106.6295247,35.0837264
"31",NA,"AUTO BURGLARY",130026473,"800 BLOCK LOCUST PL NE","Albuquerque Police","3/25/2013 19:41","Albuquerque NM","800 BLOCK LOCUST PL NE Albuquerque NM",-106.6340149,35.1011407
"32",NA,"ROBBERY",130026417,"300 BLOCK YALE BL SE","Albuquerque Police","3/25/2013 17:16","Albuquerque NM","300 BLOCK YALE BL SE Albuquerque NM",-106.6215694,35.0770272
"33",NA,"AUTO BURGLARY",130026383,"1500 BLOCK UNIVERSITY BL NE","Albuquerque Police","3/25/2013 16:11","Albuquerque NM","1500 BLOCK UNIVERSITY BL NE Albuquerque NM",-106.6267156,35.0974276
"34",NA,"AUTO BURGLARY",130026358,"800 BLOCK LOCUST PL NE","Albuquerque Police","3/25/2013 15:20","Albuquerque NM","800 BLOCK LOCUST PL NE Albuquerque NM",-106.6340149,35.1011407
"35",NA,"BURGLARY/BREAKING AND ENTERING",130026295,"500 BLOCK SOLANO DR SE","Albuquerque Police","3/25/2013 11:52","Albuquerque NM","500 BLOCK SOLANO DR SE Albuquerque NM",-106.6019479,35.073459
"36",NA,"AUTO THEFT",130026199,"400 BLOCK PRINCETON DR SE","Albuquerque Police","3/25/2013 6:02","Albuquerque NM","400 BLOCK PRINCETON DR SE Albuquerque NM",-106.6158076,35.0754538
"37",NA,"AUTO BURGLARY",130026130,"1100 BLOCK CENTRAL AV E","Albuquerque Police","3/24/2013 19:30","Albuquerque NM","1100 BLOCK CENTRAL AV E Albuquerque NM",-106.635382,35.081573
"38",NA,"AUTO THEFT",130026070,"2500 BLOCK CUTLER AV NE","Albuquerque Police","3/24/2013 15:37","Albuquerque NM","2500 BLOCK CUTLER AV NE Albuquerque NM",-106.6207078,35.1050946
"39",NA,"AUTO BURGLARY",130026058,"1500 BLOCK INDIAN SCHOOL RD NE","Albuquerque Police","3/24/2013 14:27","Albuquerque NM","1500 BLOCK INDIAN SCHOOL RD NE Albuquerque NM",-106.628691,35.0977279
"40",NA,"AUTO THEFT",130026044,"1500 BLOCK LEAD AV SE","Albuquerque Police","3/24/2013 13:08","Albuquerque NM","1500 BLOCK LEAD AV SE Albuquerque NM",-106.6308479,35.0788227
"41",NA,"THEFT FROM A MOTOR VEHICLE",130800808,"500 BLOCK CEDAR ST SE","Albuquerque Police","3/23/2013 12:23","Albuquerque NM","500 BLOCK CEDAR ST SE Albuquerque NM",-106.6345911,35.0783133
"42",NA,"COMMERCIAL BURGLARY",130025392,"3200 BLOCK SILVER AV SE","Albuquerque Police","3/22/2013 9:30","Albuquerque NM","3200 BLOCK SILVER AV SE Albuquerque NM",-106.6095284,35.0790586
"43",NA,"AUTO BURGLARY",130025367,"200 BLOCK BRYN MAWR DR NE","Albuquerque Police","3/22/2013 8:44","Albuquerque NM","200 BLOCK BRYN MAWR DR NE Albuquerque NM",-106.6095062,35.0812595
"44",NA,"AUTO BURGLARY",130025355,"800 BLOCK JEFFERSON ST NE","Albuquerque Police","3/22/2013 7:42","Albuquerque NM","800 BLOCK JEFFERSON ST NE Albuquerque NM",-106.5929978,35.0906199
"45",NA,"BURGLARY/BREAKING AND ENTERING",130025266,"200 BLOCK COLUMBIA DR SE","Albuquerque Police","3/21/2013 19:43","Albuquerque NM","200 BLOCK COLUMBIA DR SE Albuquerque NM",-106.6170437,35.0790966
"46",NA,"BURGLARY/BREAKING AND ENTERING",130025256,"1700 BLOCK VASSAR DR NE","Albuquerque Police","3/21/2013 17:26","Albuquerque NM","1700 BLOCK VASSAR DR NE Albuquerque NM",-106.6147,35.102696
"47",NA,"AUTO BURGLARY",130025194,"300 BLOCK HARVARD DR SE","Albuquerque Police","3/21/2013 16:33","Albuquerque NM","300 BLOCK HARVARD DR SE Albuquerque NM",-106.620447,35.07716
"48",NA,"AUTO BURGLARY",130025183,"800 BLOCK JEFFERSON ST NE","Albuquerque Police","3/21/2013 15:30","Albuquerque NM","800 BLOCK JEFFERSON ST NE Albuquerque NM",-106.5929978,35.0906199
"49",NA,"AUTO BURGLARY",130025161,"1400 BLOCK ALISO DR NE","Albuquerque Police","3/21/2013 14:51","Albuquerque NM","1400 BLOCK ALISO DR NE Albuquerque NM",-106.600308,35.095456
"50",NA,"AUTO BURGLARY",130025111,"600 BLOCK ENCINO PL NE","Albuquerque Police","3/21/2013 13:16","Albuquerque NM","600 BLOCK ENCINO PL NE Albuquerque NM",-106.632468,35.087037
"51",NA,"AUTO BURGLARY",130800767,"800 BLOCK JEFFERSON ST NE","Albuquerque Police","3/21/2013 9:32","Albuquerque NM","800 BLOCK JEFFERSON ST NE Albuquerque NM",-106.5929978,35.0906199
"52",NA,"AUTO THEFT",130024877,"1900 BLOCK LEAD AV SE","Albuquerque Police","3/20/2013 17:18","Albuquerque NM","1900 BLOCK LEAD AV SE Albuquerque NM",-106.625985,35.07794
"53",NA,"AUTO THEFT",130024727,"2600 BLOCK GARFIELD AV SE","Albuquerque Police","3/20/2013 9:05","Albuquerque NM","2600 BLOCK GARFIELD AV SE Albuquerque NM",-106.6170695,35.0736667
"54",NA,"BURGLARY/BREAKING AND ENTERING",130024574,"500 BLOCK ADAMS ST NE","Albuquerque Police","3/19/2013 16:55","Albuquerque NM","500 BLOCK ADAMS ST NE Albuquerque NM",-106.5941588,35.0855421
"55",NA,"BURGLARY/BREAKING AND ENTERING",130024562,"1500 BLOCK HARVARD CT NE","Albuquerque Police","3/19/2013 14:22","Albuquerque NM","1500 BLOCK HARVARD CT NE Albuquerque NM",-106.6213702,35.0987133
"56",NA,"AUTO THEFT",130024301,"100 BLOCK ASH ST SE","Albuquerque Police","3/18/2013 18:52","Albuquerque NM","100 BLOCK ASH ST SE Albuquerque NM",-106.6290858,35.0816003
"57",NA,"AUTO BURGLARY",130800734,"3300 BLOCK CENTRAL AV E","Albuquerque Police","3/18/2013 12:07","Albuquerque NM","3300 BLOCK CENTRAL AV E Albuquerque NM",-106.607937,35.0800402
"58",NA,"BURGLARY/BREAKING AND ENTERING",130024095,"600 BLOCK JEFFERSON ST NE","Albuquerque Police","3/18/2013 9:52","Albuquerque NM","600 BLOCK JEFFERSON ST NE Albuquerque NM",-106.5930073,35.0874466
"59",NA,"AUTO THEFT",130023980,"1500 BLOCK INDIAN SCHOOL RD NE","Albuquerque Police","3/17/2013 19:44","Albuquerque NM","1500 BLOCK INDIAN SCHOOL RD NE Albuquerque NM",-106.628691,35.0977279
"60",NA,"BURGLARY/BREAKING AND ENTERING",130023958,"200 BLOCK SPRUCE ST NE","Albuquerque Police","3/17/2013 17:40","Albuquerque NM","200 BLOCK SPRUCE ST NE Albuquerque NM",-106.6322014,35.0830836
"61",NA,"AUTO THEFT",130023859,"1500 BLOCK COPPER AV NE","Albuquerque Police","3/17/2013 10:49","Albuquerque NM","1500 BLOCK COPPER AV NE Albuquerque NM",-106.6297311,35.0827435
"62",NA,"AUTO BURGLARY",130023850,"1400 BLOCK AVENIDA MANANA NE","Albuquerque Police","3/17/2013 9:12","Albuquerque NM","1400 BLOCK AVENIDA MANANA NE Albuquerque NM",-106.598639,35.096375
"63",NA,"ROBBERY",130023844,"2900 BLOCK CENTRAL AV E","Albuquerque Police","3/17/2013 9:07","Albuquerque NM","2900 BLOCK CENTRAL AV E Albuquerque NM",-106.613,35.08056
"64",NA,"ROBBERY",130023834,"3800 BLOCK CENTRAL AV E","Albuquerque Police","3/17/2013 7:34","Albuquerque NM","3800 BLOCK CENTRAL AV E Albuquerque NM",-106.601921,35.0791674
"65",NA,"AUTO THEFT",130023527,"1400 BLOCK GOLD AV SE","Albuquerque Police","3/16/2013 8:01","Albuquerque NM","1400 BLOCK GOLD AV SE Albuquerque NM",-106.6316556,35.0809395
"66",NA,"BURGLARY/BREAKING AND ENTERING",130023472,"4300 BLOCK ZUNI RD SE","Albuquerque Police","3/15/2013 22:50","Albuquerque NM","4300 BLOCK ZUNI RD SE Albuquerque NM",-106.5971371,35.0729249
"67",NA,"AUTO BURGLARY",130023317,"1700 BLOCK INDIAN PLAZA DR NE","Albuquerque Police","3/15/2013 16:17","Albuquerque NM","1700 BLOCK INDIAN PLAZA DR NE Albuquerque NM",-106.606112,35.103321
"68",NA,"BURGLARY/BREAKING AND ENTERING",130023357,"500 BLOCK SIERRA DR SE","Albuquerque Police","3/15/2013 15:31","Albuquerque NM","500 BLOCK SIERRA DR SE Albuquerque NM",-106.597628,35.0727959
"69",NA,"THEFT FROM A MOTOR VEHICLE",130800702,"1100 BLOCK CENTRAL AV E","Albuquerque Police","3/14/2013 12:16","Albuquerque NM","1100 BLOCK CENTRAL AV E Albuquerque NM",-106.635382,35.081573
"70",NA,"AUTO THEFT",130022909,"200 BLOCK GIRARD BL NE","Albuquerque Police","3/14/2013 10:37","Albuquerque NM","200 BLOCK GIRARD BL NE Albuquerque NM",-106.6131659,35.0829442
"71",NA,"BURGLARY/BREAKING AND ENTERING",130022518,"100 BLOCK STANFORD DR SE","Albuquerque Police","3/13/2013 22:00","Albuquerque NM","100 BLOCK STANFORD DR SE Albuquerque NM",-106.6182792,35.0809146
"72",NA,"BURGLARY/BREAKING AND ENTERING",130022793,"200 BLOCK GIRARD BL NE","Albuquerque Police","3/13/2013 21:37","Albuquerque NM","200 BLOCK GIRARD BL NE Albuquerque NM",-106.6131659,35.0829442
"73",NA,"BURGLARY/BREAKING AND ENTERING",130022430,"3100 BLOCK CONSTITUTION AV NE","Albuquerque Police","3/12/2013 18:11","Albuquerque NM","3100 BLOCK CONSTITUTION AV NE Albuquerque NM",-106.610127,35.09451
"74",NA,"AUTO THEFT",130022308,"1500 BLOCK UNIVERSITY BL NE","Albuquerque Police","3/12/2013 12:59","Albuquerque NM","1500 BLOCK UNIVERSITY BL NE Albuquerque NM",-106.6267156,35.0974276
"75",NA,"BURGLARY/BREAKING AND ENTERING",130021640,"3900 BLOCK INDIAN SCHOOL RD NE","Albuquerque Police","3/9/2013 22:09","Albuquerque NM","3900 BLOCK INDIAN SCHOOL RD NE Albuquerque NM",-106.6012456,35.1019646
"76",NA,"AUTO BURGLARY",130021525,"500 BLOCK SOLANO DR SE","Albuquerque Police","3/9/2013 14:00","Albuquerque NM","500 BLOCK SOLANO DR SE Albuquerque NM",-106.6019479,35.073459
"77",NA,"BURGLARY/BREAKING AND ENTERING",130021356,"1600 BLOCK ALISO DR NE","Albuquerque Police","3/8/2013 20:23","Albuquerque NM","1600 BLOCK ALISO DR NE Albuquerque NM",-106.601262,35.0978574
"78",NA,"BURGLARY/BREAKING AND ENTERING",130021344,"500 BLOCK TULANE DR SE","Albuquerque Police","3/8/2013 18:26","Albuquerque NM","500 BLOCK TULANE DR SE Albuquerque NM",-106.606701,35.073499
"79",NA,"BURGLARY/BREAKING AND ENTERING",130021289,"1400 BLOCK ADAMS ST NE","Albuquerque Police","3/8/2013 15:32","Albuquerque NM","1400 BLOCK ADAMS ST NE Albuquerque NM",-106.5939254,35.0994946
"80",NA,"ROBBERY",130021232,"1400 BLOCK CARLISLE BL NE","Albuquerque Police","3/8/2013 14:40","Albuquerque NM","1400 BLOCK CARLISLE BL NE Albuquerque NM",-106.603547,35.0946064
"81",NA,"AUTO THEFT",130020894,"1500 BLOCK INDIAN SCHOOL RD NE","Albuquerque Police","3/7/2013 15:54","Albuquerque NM","1500 BLOCK INDIAN SCHOOL RD NE Albuquerque NM",-106.628691,35.0977279
"82",NA,"AUTO THEFT",130020763,"1400 BLOCK LAS LOMAS RD NE","Albuquerque Police","3/7/2013 9:19","Albuquerque NM","1400 BLOCK LAS LOMAS RD NE Albuquerque NM",-106.6287059,35.087314
"83",NA,"BURGLARY/BREAKING AND ENTERING",130020684,"2900 BLOCK WILSON PL NE","Albuquerque Police","3/6/2013 22:54","Albuquerque NM","2900 BLOCK WILSON PL NE Albuquerque NM",-106.6130469,35.0959019
"84",NA,"BURGLARY/BREAKING AND ENTERING",130020657,"4400 BLOCK AVENIDA ESTRELLITA NE","Albuquerque Police","3/6/2013 20:20","Albuquerque NM","4400 BLOCK AVENIDA ESTRELLITA NE Albuquerque NM",-106.5968083,35.0931164
"85",NA,"BURGLARY/BREAKING AND ENTERING",130020632,"4500 BLOCK ALTURA PL NE","Albuquerque Police","3/6/2013 18:11","Albuquerque NM","4500 BLOCK ALTURA PL NE Albuquerque NM",-106.595071,35.095475
"86",NA,"BURGLARY/BREAKING AND ENTERING",130020613,"4400 BLOCK AVENIDA MANANA NE","Albuquerque Police","3/6/2013 17:45","Albuquerque NM","4400 BLOCK AVENIDA MANANA NE Albuquerque NM",-106.5952418,35.091994
"87",NA,"BURGLARY/BREAKING AND ENTERING",130020593,"200 BLOCK MAPLE ST SE","Albuquerque Police","3/6/2013 16:58","Albuquerque NM","200 BLOCK MAPLE ST SE Albuquerque NM",-106.6304616,35.0807903
"88",NA,"AUTO BURGLARY",130020408,"600 BLOCK LAFAYETTE DR NE","Albuquerque Police","3/6/2013 8:42","Albuquerque NM","600 BLOCK LAFAYETTE DR NE Albuquerque NM",-106.608444,35.086273
"89",NA,"AUTO BURGLARY",130020393,"100 BLOCK HARVARD DR SE","Albuquerque Police","3/6/2013 8:13","Albuquerque NM","100 BLOCK HARVARD DR SE Albuquerque NM",-106.6207849,35.080918
"90",NA,"BURGLARY/BREAKING AND ENTERING",130020390,"400 BLOCK ALISO DR SE","Albuquerque Police","3/6/2013 7:32","Albuquerque NM","400 BLOCK ALISO DR SE Albuquerque NM",-106.6010756,35.0753972
"91",NA,"AUTO BURGLARY",130020389,"300 BLOCK YALE BL SE","Albuquerque Police","3/6/2013 7:20","Albuquerque NM","300 BLOCK YALE BL SE Albuquerque NM",-106.6215694,35.0770272
"92",NA,"AUTO THEFT",130020325,"600 BLOCK RICHMOND DR NE","Albuquerque Police","3/5/2013 18:43","Albuquerque NM","600 BLOCK RICHMOND DR NE Albuquerque NM",-106.6109256,35.0861434
"93",NA,"AUTO THEFT",130020099,"200 BLOCK RICHMOND DR SE","Albuquerque Police","3/5/2013 10:03","Albuquerque NM","200 BLOCK RICHMOND DR SE Albuquerque NM",-106.6107748,35.0790666
"94",NA,"AUTO BURGLARY",130020088,"900 BLOCK MCDUFFIE CI NE","Albuquerque Police","3/5/2013 9:26","Albuquerque NM","900 BLOCK MCDUFFIE CI NE Albuquerque NM",-106.60085,35.088929
"95",NA,"AUTO BURGLARY",130020085,"1700 BLOCK RITA DR NE","Albuquerque Police","3/5/2013 9:17","Albuquerque NM","1700 BLOCK RITA DR NE Albuquerque NM",-106.6056615,35.0977732
"96",NA,"AUTO BURGLARY",130020053,"800 BLOCK LAFAYETTE DR NE","Albuquerque Police","3/5/2013 2:30","Albuquerque NM","800 BLOCK LAFAYETTE DR NE Albuquerque NM",-106.608806,35.089618
"97",NA,"COMMERCIAL BURGLARY",130019837,"1700 BLOCK INDIAN PLAZA DR NE","Albuquerque Police","3/4/2013 10:40","Albuquerque NM","1700 BLOCK INDIAN PLAZA DR NE Albuquerque NM",-106.606112,35.103321
"98",NA,"BURGLARY/BREAKING AND ENTERING",130019570,"3200 BLOCK CENTRAL AV E","Albuquerque Police","3/3/2013 16:20","Albuquerque NM","3200 BLOCK CENTRAL AV E Albuquerque NM",-106.6093141,35.0802147
"99",NA,"AUTO THEFT",130019550,"800 BLOCK LOCUST PL NE","Albuquerque Police","3/3/2013 14:38","Albuquerque NM","800 BLOCK LOCUST PL NE Albuquerque NM",-106.6340149,35.1011407
"100",NA,"BURGLARY/BREAKING AND ENTERING",130019532,"500 BLOCK CARLISLE BL NE","Albuquerque Police","3/3/2013 13:35","Albuquerque NM","500 BLOCK CARLISLE BL NE Albuquerque NM",-106.6042575,35.0856033
"101",NA,"AUTO THEFT",130019487,"1400 BLOCK LAS LOMAS RD NE","Albuquerque Police","3/3/2013 8:11","Albuquerque NM","1400 BLOCK LAS LOMAS RD NE Albuquerque NM",-106.6287059,35.087314
"102",NA,"BURGLARY/BREAKING AND ENTERING",130019334,"400 BLOCK RICHMOND DR SE","Albuquerque Police","3/2/2013 20:50","Albuquerque NM","400 BLOCK RICHMOND DR SE Albuquerque NM",-106.610465,35.0753119
"103",NA,"ROBBERY",130019267,"1100 BLOCK CENTRAL AV E","Albuquerque Police","3/2/2013 16:25","Albuquerque NM","1100 BLOCK CENTRAL AV E Albuquerque NM",-106.635382,35.081573
"104",NA,"THEFT FROM A MOTOR VEHICLE",130800646,"200 BLOCK VASSAR DR SE","Albuquerque Police","3/2/2013 10:30","Albuquerque NM","200 BLOCK VASSAR DR SE Albuquerque NM",-106.6145099,35.0790763
"105",NA,"BURGLARY/BREAKING AND ENTERING",130018980,"1700 BLOCK NOTRE DAME DR NE","Albuquerque Police","3/1/2013 17:17","Albuquerque NM","1700 BLOCK NOTRE DAME DR NE Albuquerque NM",-106.6082393,35.1020442
"106",NA,"COMMERCIAL BURGLARY",130018931,"300 BLOCK GRACELAND DR SE","Albuquerque Police","3/1/2013 15:34","Albuquerque NM","300 BLOCK GRACELAND DR SE Albuquerque NM",-106.5966593,35.0769883
"107",NA,"AUTO THEFT",130018828,"1700 BLOCK UNIVERSITY BD NE","Albuquerque Police","3/1/2013 12:42","Albuquerque NM","1700 BLOCK UNIVERSITY BD NE Albuquerque NM",-106.6238265,35.1051995
"108",NA,"COMMERCIAL BURGLARY",130018802,"3600 BLOCK COPPER AV NE","Albuquerque Police","3/1/2013 11:05","Albuquerque NM","3600 BLOCK COPPER AV NE Albuquerque NM",-106.6040033,35.0801408
"109",NA,"AUTO BURGLARY",130018773,"300 BLOCK CARLISLE BL SE","Albuquerque Police","3/1/2013 9:00","Albuquerque NM","300 BLOCK CARLISLE BL SE Albuquerque NM",-106.604192,35.076934
"110",NA,"AUTO BURGLARY",130018772,"300 BLOCK CARLISLE BL SE","Albuquerque Police","3/1/2013 8:58","Albuquerque NM","300 BLOCK CARLISLE BL SE Albuquerque NM",-106.604192,35.076934
"111",NA,"BURGLARY/BREAKING AND ENTERING",130018712,"400 BLOCK WELLESLEY DR SE","Albuquerque Police","3/1/2013 0:35","Albuquerque NM","400 BLOCK WELLESLEY DR SE Albuquerque NM",-106.607947,35.075309
"112",NA,"AUTO THEFT",130018689,"100 BLOCK YALE BL SE","Albuquerque Police","2/28/2013 22:42","Albuquerque NM","100 BLOCK YALE BL SE Albuquerque NM",-106.6220394,35.0809234
"113",NA,"BURGLARY/BREAKING AND ENTERING",130018569,"1600 BLOCK INDIAN SCHOOL RD NE","Albuquerque Police","2/28/2013 14:49","Albuquerque NM","1600 BLOCK INDIAN SCHOOL RD NE Albuquerque NM",-106.62732,35.098968
"114",NA,"BURGLARY/BREAKING AND ENTERING",130018487,"900 BLOCK AVENIDA MANANA NE","Albuquerque Police","2/28/2013 11:15","Albuquerque NM","900 BLOCK AVENIDA MANANA NE Albuquerque NM",-106.5979017,35.0927371
"115",NA,"BURGLARY/BREAKING AND ENTERING",130018475,"400 BLOCK AMHERST DR SE","Albuquerque Police","2/28/2013 10:37","Albuquerque NM","400 BLOCK AMHERST DR SE Albuquerque NM",-106.6057921,35.0754138
"116",NA,"AUTO BURGLARY",130018322,"300 BLOCK YALE BL SE","Albuquerque Police","2/27/2013 17:42","Albuquerque NM","300 BLOCK YALE BL SE Albuquerque NM",-106.6215694,35.0770272
"117",NA,"BURGLARY/BREAKING AND ENTERING",130018309,"300 BLOCK AMHERST DR SE","Albuquerque Police","2/27/2013 17:18","Albuquerque NM","300 BLOCK AMHERST DR SE Albuquerque NM",-106.6054319,35.077104
"118",NA,"AUTO THEFT",130018261,"1700 BLOCK CENTRAL AV E","Albuquerque Police","2/27/2013 15:20","Albuquerque NM","1700 BLOCK CENTRAL AV E Albuquerque NM",-106.627794,35.08119
"119",NA,"BURGLARY/BREAKING AND ENTERING",130018210,"600 BLOCK WASHINGTON ST NE","Albuquerque Police","2/27/2013 12:21","Albuquerque NM","600 BLOCK WASHINGTON ST NE Albuquerque NM",-106.595243,35.0874872
"120",NA,"AUTO BURGLARY",130018185,"2400 BLOCK GARFIELD AV SE","Albuquerque Police","2/27/2013 11:22","Albuquerque NM","2400 BLOCK GARFIELD AV SE Albuquerque NM",-106.6195775,35.0736661
"121",NA,"AUTO THEFT",130018200,"300 BLOCK STANFORD DR SE","Albuquerque Police","2/27/2013 10:56","Albuquerque NM","300 BLOCK STANFORD DR SE Albuquerque NM",-106.6182969,35.0772842
"122",NA,"COMMERCIAL BURGLARY",130018068,"3500 BLOCK INDIAN SCHOOL RD NE","Albuquerque Police","2/26/2013 21:30","Albuquerque NM","3500 BLOCK INDIAN SCHOOL RD NE Albuquerque NM",-106.6051282,35.1019596
"123",NA,"BURGLARY/BREAKING AND ENTERING",130018054,"4200 BLOCK BROCKMONT AV NE","Albuquerque Police","2/26/2013 19:13","Albuquerque NM","4200 BLOCK BROCKMONT AV NE Albuquerque NM",-106.5977691,35.0864743
"124",NA,"BURGLARY/BREAKING AND ENTERING",130017887,"1400 BLOCK LAS LOMAS RD NE","Albuquerque Police","2/26/2013 14:00","Albuquerque NM","1400 BLOCK LAS LOMAS RD NE Albuquerque NM",-106.6287059,35.087314
"125",NA,"AUTO BURGLARY",130017782,"800 BLOCK LOCUST PL NE","Albuquerque Police","2/26/2013 9:03","Albuquerque NM","800 BLOCK LOCUST PL NE Albuquerque NM",-106.6340149,35.1011407
"126",NA,"AUTO BURGLARY",130800551,"400 BLOCK PRINCETON DR SE","Albuquerque Police","2/25/2013 22:53","Albuquerque NM","400 BLOCK PRINCETON DR SE Albuquerque NM",-106.6158076,35.0754538
"127",NA,"ROBBERY",130017721,"4400 BLOCK ZUNI RD SE","Albuquerque Police","2/25/2013 21:59","Albuquerque NM","4400 BLOCK ZUNI RD SE Albuquerque NM",-106.596237,35.0729208
"128",NA,"AUTO BURGLARY",130800548,"4500 BLOCK LOMAS BL NE","Albuquerque Police","2/25/2013 21:14","Albuquerque NM","4500 BLOCK LOMAS BL NE Albuquerque NM",-106.5952721,35.0873371
"129",NA,"AUTO THEFT",130017598,"3000 BLOCK FRONTIER AV NE","Albuquerque Police","2/25/2013 16:03","Albuquerque NM","3000 BLOCK FRONTIER AV NE Albuquerque NM",-106.612309,35.089329
"130",NA,"AUTO BURGLARY",130800547,"1500 BLOCK UNIVERSITY BL NE","Albuquerque Police","2/25/2013 15:57","Albuquerque NM","1500 BLOCK UNIVERSITY BL NE Albuquerque NM",-106.6267156,35.0974276
"131",NA,"AUTO THEFT",130017616,"200 BLOCK HERMOSA DR SE","Albuquerque Police","2/25/2013 15:41","Albuquerque NM","200 BLOCK HERMOSA DR SE Albuquerque NM",-106.603133,35.078173
"132",NA,"BURGLARY/BREAKING AND ENTERING",130017587,"1900 BLOCK BRYN MAWR DR NE","Albuquerque Police","2/25/2013 15:30","Albuquerque NM","1900 BLOCK BRYN MAWR DR NE Albuquerque NM",-106.6102765,35.1047644
"133",NA,"AUTO BURGLARY",130017628,"2600 BLOCK GARFIELD AV SE","Albuquerque Police","2/25/2013 15:18","Albuquerque NM","2600 BLOCK GARFIELD AV SE Albuquerque NM",-106.6170695,35.0736667
"134",NA,"ROBBERY",130017575,"1400 BLOCK CARLISLE BL NE","Albuquerque Police","2/25/2013 14:49","Albuquerque NM","1400 BLOCK CARLISLE BL NE Albuquerque NM",-106.603547,35.0946064
"135",NA,"AUTO BURGLARY",130017576,"2400 BLOCK GARFIELD AV SE","Albuquerque Police","2/25/2013 14:00","Albuquerque NM","2400 BLOCK GARFIELD AV SE Albuquerque NM",-106.6195775,35.0736661
"136",NA,"BURGLARY/BREAKING AND ENTERING",130017592,"1300 BLOCK MORNINGSIDE DR NE","Albuquerque Police","2/25/2013 12:33","Albuquerque NM","1300 BLOCK MORNINGSIDE DR NE Albuquerque NM",-106.599441,35.095018
"137",NA,"AUTO BURGLARY",130017500,"3200 BLOCK CENTRAL AV E","Albuquerque Police","2/25/2013 11:35","Albuquerque NM","3200 BLOCK CENTRAL AV E Albuquerque NM",-106.6093141,35.0802147
"138",NA,"AUTO BURGLARY",130800542,"1400 BLOCK MORNINGSIDE DR NE","Albuquerque Police","2/25/2013 8:14","Albuquerque NM","1400 BLOCK MORNINGSIDE DR NE Albuquerque NM",-106.599397,35.09636
"139",NA,"AUTO BURGLARY",130017431,"1400 BLOCK GIRARD BL NE","Albuquerque Police","2/25/2013 6:57","Albuquerque NM","1400 BLOCK GIRARD BL NE Albuquerque NM",-106.6130176,35.0983564
"140",NA,"BURGLARY/BREAKING AND ENTERING",130017323,"1100 BLOCK MARTIN LUTHER KING AV NE","Albuquerque Police","2/24/2013 17:13","Albuquerque NM","1100 BLOCK MARTIN LUTHER KING AV NE Albuquerque NM",-106.6343406,35.0849505
"141",NA,"BURGLARY/BREAKING AND ENTERING",130017236,"300 BLOCK COLUMBIA DR SE","Albuquerque Police","2/24/2013 10:09","Albuquerque NM","300 BLOCK COLUMBIA DR SE Albuquerque NM",-106.617043,35.0772805
"142",NA,"AUTO THEFT",130017211,"800 BLOCK LOCUST PL NE","Albuquerque Police","2/24/2013 8:32","Albuquerque NM","800 BLOCK LOCUST PL NE Albuquerque NM",-106.6340149,35.1011407
"143",NA,"AUTO THEFT",130017202,"4100 BLOCK MESA VERDE AV NE","Albuquerque Police","2/24/2013 7:39","Albuquerque NM","4100 BLOCK MESA VERDE AV NE Albuquerque NM",-106.5979629,35.08818
"144",NA,"AUTO BURGLARY",130017087,"2400 BLOCK CENTRAL AV E","Albuquerque Police","2/23/2013 18:07","Albuquerque NM","2400 BLOCK CENTRAL AV E Albuquerque NM",-106.619192,35.080653
"145",NA,"BURGLARY/BREAKING AND ENTERING",130016942,"300 BLOCK JEFFERSON ST NE","Albuquerque Police","2/23/2013 8:29","Albuquerque NM","300 BLOCK JEFFERSON ST NE Albuquerque NM",-106.5930091,35.0818213
"146",NA,"AUTO BURGLARY",130016700,"1100 BLOCK CENTRAL AV E","Albuquerque Police","2/22/2013 15:07","Albuquerque NM","1100 BLOCK CENTRAL AV E Albuquerque NM",-106.635382,35.081573
"147",NA,"AUTO BURGLARY",130016555,"200 BLOCK AMHERST DR SE","Albuquerque Police","2/22/2013 8:00","Albuquerque NM","200 BLOCK AMHERST DR SE Albuquerque NM",-106.605418,35.078926
"148",NA,"AUTO BURGLARY",130016558,"300 BLOCK AMHERST DR SE","Albuquerque Police","2/22/2013 7:41","Albuquerque NM","300 BLOCK AMHERST DR SE Albuquerque NM",-106.6054319,35.077104
"149",NA,"AUTO BURGLARY",130016502,"200 BLOCK HERMOSA DR SE","Albuquerque Police","2/21/2013 22:12","Albuquerque NM","200 BLOCK HERMOSA DR SE Albuquerque NM",-106.603133,35.078173
"150",NA,"BURGLARY/BREAKING AND ENTERING",130016418,"3400 BLOCK CALLE DEL RANCHERO NE","Albuquerque Police","2/21/2013 17:00","Albuquerque NM","3400 BLOCK CALLE DEL RANCHERO NE Albuquerque NM",-106.605923,35.09357
"151",NA,"BURGLARY/BREAKING AND ENTERING",130016397,"4100 BLOCK SUNNINGDALE AV NE","Albuquerque Police","2/21/2013 15:20","Albuquerque NM","4100 BLOCK SUNNINGDALE AV NE Albuquerque NM",-106.5990375,35.1022499
"152",NA,"BURGLARY/BREAKING AND ENTERING",130016371,"900 BLOCK DARTMOUTH DR NE","Albuquerque Police","2/21/2013 14:32","Albuquerque NM","900 BLOCK DARTMOUTH DR NE Albuquerque NM",-106.611956,35.089774
"153",NA,"BURGLARY/BREAKING AND ENTERING",130016340,"200 BLOCK COLUMBIA DR SE","Albuquerque Police","2/21/2013 13:17","Albuquerque NM","200 BLOCK COLUMBIA DR SE Albuquerque NM",-106.6170437,35.0790966
"154",NA,"BURGLARY/BREAKING AND ENTERING",130016298,"300 BLOCK JEFFERSON ST NE","Albuquerque Police","2/21/2013 11:42","Albuquerque NM","300 BLOCK JEFFERSON ST NE Albuquerque NM",-106.5930091,35.0818213
"155",NA,"THEFT FROM A MOTOR VEHICLE",130016221,"900 BLOCK LAS LOMAS RD NE","Albuquerque Police","2/21/2013 8:10","Albuquerque NM","900 BLOCK LAS LOMAS RD NE Albuquerque NM",-106.6347076,35.0892455
"156",NA,"COMMERCIAL BURGLARY",130016176,"600 BLOCK ENCINO PL NE","Albuquerque Police","2/20/2013 23:15","Albuquerque NM","600 BLOCK ENCINO PL NE Albuquerque NM",-106.632468,35.087037
"157",NA,"AUTO BURGLARY",130016155,"100 BLOCK CORNELL DR SE","Albuquerque Police","2/20/2013 22:27","Albuquerque NM","100 BLOCK CORNELL DR SE Albuquerque NM",-106.6195216,35.0809104
"158",NA,"AUTO BURGLARY",130016151,"100 BLOCK CORNELL DR SE","Albuquerque Police","2/20/2013 20:22","Albuquerque NM","100 BLOCK CORNELL DR SE Albuquerque NM",-106.6195216,35.0809104
"159",NA,"BURGLARY/BREAKING AND ENTERING",130016130,"1700 BLOCK INDIAN SCHOOL RD NE","Albuquerque Police","2/20/2013 19:10","Albuquerque NM","1700 BLOCK INDIAN SCHOOL RD NE Albuquerque NM",-106.6268411,35.0993216
"160",NA,"BURGLARY/BREAKING AND ENTERING",130016074,"3700 BLOCK GARFIELD AV SE","Albuquerque Police","2/20/2013 16:42","Albuquerque NM","3700 BLOCK GARFIELD AV SE Albuquerque NM",-106.6030725,35.07344
"161",NA,"BURGLARY/BREAKING AND ENTERING",130015994,"1800 BLOCK RICHMOND DR NE","Albuquerque Police","2/20/2013 13:00","Albuquerque NM","1800 BLOCK RICHMOND DR NE Albuquerque NM",-106.6113534,35.103516
"162",NA,"BURGLARY/BREAKING AND ENTERING",130015803,"3300 BLOCK HASTINGS DR NE","Albuquerque Police","2/19/2013 18:35","Albuquerque NM","3300 BLOCK HASTINGS DR NE Albuquerque NM",-106.608417,35.092038
"163",NA,"AUTO BURGLARY",130015727,"300 BLOCK SIERRA DR SE","Albuquerque Police","2/19/2013 16:08","Albuquerque NM","300 BLOCK SIERRA DR SE Albuquerque NM",-106.5980174,35.0761695
"164",NA,"AUTO THEFT",130015670,"1900 BLOCK INDIAN PLAZA DR NE","Albuquerque Police","2/19/2013 12:26","Albuquerque NM","1900 BLOCK INDIAN PLAZA DR NE Albuquerque NM",-106.6063645,35.1032824
"165",NA,"AUTO THEFT",130015580,"1500 BLOCK UNIVERSITY BL NE","Albuquerque Police","2/19/2013 9:02","Albuquerque NM","1500 BLOCK UNIVERSITY BL NE Albuquerque NM",-106.6267156,35.0974276
"166",NA,"BURGLARY/BREAKING AND ENTERING",130015510,"500 BLOCK RICHMOND DR SE","Albuquerque Police","2/18/2013 22:53","Albuquerque NM","500 BLOCK RICHMOND DR SE Albuquerque NM",-106.6108061,35.0736374
"167",NA,"AUTO THEFT",130015455,"LEAD AV SE/ MAPLE ST SE","Albuquerque Police","2/18/2013 17:25","Albuquerque NM","LEAD AV SE/ MAPLE ST SE Albuquerque NM",-106.6308571,35.0788391
"168",NA,"AUTO THEFT",130015423,"100 BLOCK MAPLE ST NE","Albuquerque Police","2/18/2013 16:00","Albuquerque NM","100 BLOCK MAPLE ST NE Albuquerque NM",-106.6298866,35.0818016
"169",NA,"AUTO BURGLARY",130015389,"2100 BLOCK GOLD AV SE","Albuquerque Police","2/18/2013 13:35","Albuquerque NM","2100 BLOCK GOLD AV SE Albuquerque NM",-106.623841,35.079687
"170",NA,"AUTO BURGLARY",130015351,"300 BLOCK PRINCETON DR SE","Albuquerque Police","2/18/2013 12:02","Albuquerque NM","300 BLOCK PRINCETON DR SE Albuquerque NM",-106.6157873,35.0772796
"171",NA,"AUTO THEFT",130015330,"400 BLOCK SOLANO DR NE","Albuquerque Police","2/18/2013 9:55","Albuquerque NM","400 BLOCK SOLANO DR NE Albuquerque NM",-106.6020545,35.0837883
"172",NA,"AUTO BURGLARY",130800474,"1000 BLOCK STANFORD DR NE","Albuquerque Police","2/18/2013 8:47","Albuquerque NM","1000 BLOCK STANFORD DR NE Albuquerque NM",-106.617197,35.0911929
"173",NA,"COMMERCIAL BURGLARY",130015297,"4700 BLOCK CUTLER AV NE","Albuquerque Police","2/18/2013 7:17","Albuquerque NM","4700 BLOCK CUTLER AV NE Albuquerque NM",-106.592441,35.1055275
"174",NA,"BURGLARY/BREAKING AND ENTERING",130015254,"300 BLOCK MONTCLAIRE DR NE","Albuquerque Police","2/17/2013 21:20","Albuquerque NM","300 BLOCK MONTCLAIRE DR NE Albuquerque NM",-106.5982949,35.0818439
"175",NA,"AUTO BURGLARY",130800482,"3200 BLOCK PURDUE PL NE","Albuquerque Police","2/17/2013 17:44","Albuquerque NM","3200 BLOCK PURDUE PL NE Albuquerque NM",-106.6095099,35.0812276
"176",NA,"AUTO BURGLARY",130800471,"3000 BLOCK MARBLE AV NE","Albuquerque Police","2/17/2013 17:08","Albuquerque NM","3000 BLOCK MARBLE AV NE Albuquerque NM",-106.611973,35.0908919
"177",NA,"AUTO BURGLARY",130015066,"3700 BLOCK CAMPUS BL NE","Albuquerque Police","2/17/2013 8:16","Albuquerque NM","3700 BLOCK CAMPUS BL NE Albuquerque NM",-106.6054627,35.0805072
"178",NA,"AUTO BURGLARY",130014940,"400 BLOCK TULANE DR SE","Albuquerque Police","2/16/2013 18:30","Albuquerque NM","400 BLOCK TULANE DR SE Albuquerque NM",-106.60704,35.0754192
"179",NA,"AUTO BURGLARY",130800459,"1600 BLOCK ALISO DR NE","Albuquerque Police","2/16/2013 14:39","Albuquerque NM","1600 BLOCK ALISO DR NE Albuquerque NM",-106.601262,35.0978574
"180",NA,"AUTO BURGLARY",130800460,"1900 BLOCK GIRARD BL NE","Albuquerque Police","2/16/2013 13:40","Albuquerque NM","1900 BLOCK GIRARD BL NE Albuquerque NM",-106.6138474,35.104974
"181",NA,"AUTO BURGLARY",130014830,"400 BLOCK CORNELL DR SE","Albuquerque Police","2/16/2013 10:26","Albuquerque NM","400 BLOCK CORNELL DR SE Albuquerque NM",-106.6195518,35.0754743
"182",NA,"AUTO BURGLARY",130014804,"300 BLOCK AMHERST DR SE","Albuquerque Police","2/16/2013 8:33","Albuquerque NM","300 BLOCK AMHERST DR SE Albuquerque NM",-106.6054319,35.077104
"183",NA,"AUTO BURGLARY",130014802,"300 BLOCK AMHERST DR SE","Albuquerque Police","2/16/2013 8:33","Albuquerque NM","300 BLOCK AMHERST DR SE Albuquerque NM",-106.6054319,35.077104
"184",NA,"AUTO BURGLARY",130014799,"400 BLOCK TULANE DR SE","Albuquerque Police","2/16/2013 8:30","Albuquerque NM","400 BLOCK TULANE DR SE Albuquerque NM",-106.60704,35.0754192
"185",NA,"AUTO BURGLARY",130014796,"300 BLOCK AMHERST DR SE","Albuquerque Police","2/16/2013 8:19","Albuquerque NM","300 BLOCK AMHERST DR SE Albuquerque NM",-106.6054319,35.077104
"186",NA,"AUTO BURGLARY",130014798,"300 BLOCK AMHERST DR SE","Albuquerque Police","2/16/2013 7:48","Albuquerque NM","300 BLOCK AMHERST DR SE Albuquerque NM",-106.6054319,35.077104
"187",NA,"AUTO BURGLARY",130014744,"300 BLOCK AMHERST DR SE","Albuquerque Police","2/15/2013 23:48","Albuquerque NM","300 BLOCK AMHERST DR SE Albuquerque NM",-106.6054319,35.077104
"188",NA,"BURGLARY/BREAKING AND ENTERING",130014670,"400 BLOCK MAPLE ST SE","Albuquerque Police","2/15/2013 19:06","Albuquerque NM","400 BLOCK MAPLE ST SE Albuquerque NM",-106.6308407,35.0788271
"189",NA,"BURGLARY/BREAKING AND ENTERING",130014604,"1300 BLOCK SIGMA CHI RD NE","Albuquerque Police","2/15/2013 16:06","Albuquerque NM","1300 BLOCK SIGMA CHI RD NE Albuquerque NM",-106.6294038,35.0886195
"190",NA,"AUTO BURGLARY",130014570,"400 BLOCK HARVARD DR SE","Albuquerque Police","2/15/2013 13:36","Albuquerque NM","400 BLOCK HARVARD DR SE Albuquerque NM",-106.6207982,35.0754767
"191",NA,"AUTO BURGLARY",130014553,"100 BLOCK RICHMOND DR SE","Albuquerque Police","2/15/2013 13:25","Albuquerque NM","100 BLOCK RICHMOND DR SE Albuquerque NM",-106.6107655,35.0805529
"192",NA,"AUTO BURGLARY",130014513,"4500 BLOCK LOMAS BL NE","Albuquerque Police","2/15/2013 12:55","Albuquerque NM","4500 BLOCK LOMAS BL NE Albuquerque NM",-106.5952721,35.0873371
"193",NA,"BURGLARY/BREAKING AND ENTERING",130014503,"300 BLOCK JEFFERSON ST NE","Albuquerque Police","2/15/2013 12:31","Albuquerque NM","300 BLOCK JEFFERSON ST NE Albuquerque NM",-106.5930091,35.0818213
"194",NA,"AUTO BURGLARY",130014484,"4200 BLOCK COURTNEY AV NE","Albuquerque Police","2/15/2013 11:45","Albuquerque NM","4200 BLOCK COURTNEY AV NE Albuquerque NM",-106.5981457,35.0851079
"195",NA,"AUTO BURGLARY",130014479,"4200 BLOCK COURTNEY AV NE","Albuquerque Police","2/15/2013 11:29","Albuquerque NM","4200 BLOCK COURTNEY AV NE Albuquerque NM",-106.5981457,35.0851079
"196",NA,"AUTO BURGLARY",130014470,"400 BLOCK VALVERDE DR SE","Albuquerque Police","2/15/2013 11:00","Albuquerque NM","400 BLOCK VALVERDE DR SE Albuquerque NM",-106.5962195,35.0749707
"197",NA,"AUTO BURGLARY",130014106,"3400 BLOCK CENTRAL AV E","Albuquerque Police","2/14/2013 10:39","Albuquerque NM","3400 BLOCK CENTRAL AV E Albuquerque NM",-106.6068726,35.0797839
"198",NA,"AUTO THEFT",130014077,"2100 BLOCK GOLD AV SE","Albuquerque Police","2/14/2013 8:26","Albuquerque NM","2100 BLOCK GOLD AV SE Albuquerque NM",-106.623841,35.079687
"199",NA,"THEFT FROM A MOTOR VEHICLE",130013894,"2600 BLOCK CENTRAL AV E","Albuquerque Police","2/13/2013 15:43","Albuquerque NM","2600 BLOCK CENTRAL AV E Albuquerque NM",-106.6169842,35.0809045
"200",NA,"AUTO BURGLARY",130013900,"500 BLOCK GIRARD BL SE","Albuquerque Police","2/13/2013 15:36","Albuquerque NM","500 BLOCK GIRARD BL SE Albuquerque NM",-106.612967,35.073509
"201",NA,"AUTO BURGLARY",130013823,"4000 BLOCK CENTRAL AV E","Albuquerque Police","2/13/2013 12:01","Albuquerque NM","4000 BLOCK CENTRAL AV E Albuquerque NM",-106.599784,35.0791118
"202",NA,"AUTO BURGLARY",130013794,"200 BLOCK COLUMBIA DR SE","Albuquerque Police","2/13/2013 9:16","Albuquerque NM","200 BLOCK COLUMBIA DR SE Albuquerque NM",-106.6170437,35.0790966
"203",NA,"AUTO BURGLARY",130013776,"1500 BLOCK UNIVERSITY BL NE","Albuquerque Police","2/13/2013 9:00","Albuquerque NM","1500 BLOCK UNIVERSITY BL NE Albuquerque NM",-106.6267156,35.0974276
"204",NA,"AUTO THEFT",130013749,"300 BLOCK CORNELL DR SE","Albuquerque Police","2/13/2013 7:47","Albuquerque NM","300 BLOCK CORNELL DR SE Albuquerque NM",-106.6195493,35.077289
"205",NA,"COMMERCIAL BURGLARY",130013755,"300 BLOCK ADAMS ST SE","Albuquerque Police","2/13/2013 7:34","Albuquerque NM","300 BLOCK ADAMS ST SE Albuquerque NM",-106.594046,35.075578
"206",NA,"BURGLARY/BREAKING AND ENTERING",130013570,"300 BLOCK JEFFERSON ST NE","Albuquerque Police","2/12/2013 14:38","Albuquerque NM","300 BLOCK JEFFERSON ST NE Albuquerque NM",-106.5930091,35.0818213
"207",NA,"AUTO THEFT",130013463,"3000 BLOCK MONTE VISTA BL NE","Albuquerque Police","2/12/2013 10:14","Albuquerque NM","3000 BLOCK MONTE VISTA BL NE Albuquerque NM",-106.6120148,35.0814319
"208",NA,"BURGLARY/BREAKING AND ENTERING",130013360,"200 BLOCK WELLESLEY DR SE","Albuquerque Police","2/11/2013 19:24","Albuquerque NM","200 BLOCK WELLESLEY DR SE Albuquerque NM",-106.6082749,35.0790554
"209",NA,"BURGLARY/BREAKING AND ENTERING",130013108,"1900 BLOCK DARTMOUTH DR NE","Albuquerque Police","2/11/2013 8:40","Albuquerque NM","1900 BLOCK DARTMOUTH DR NE Albuquerque NM",-106.6126574,35.1049731
"210",NA,"AUTO BURGLARY",130013125,"2100 BLOCK COAL AV SE","Albuquerque Police","2/11/2013 8:38","Albuquerque NM","2100 BLOCK COAL AV SE Albuquerque NM",-106.6240294,35.0749993
"211",NA,"AUTO THEFT",130013092,"100 BLOCK MESA ST SE","Albuquerque Police","2/11/2013 7:21","Albuquerque NM","100 BLOCK MESA ST SE Albuquerque NM",-106.6255149,35.0811404
"212",NA,"BURGLARY/BREAKING AND ENTERING",130013102,"300 BLOCK AMHERST DR SE","Albuquerque Police","2/11/2013 7:15","Albuquerque NM","300 BLOCK AMHERST DR SE Albuquerque NM",-106.6054319,35.077104
"213",NA,"AUTO BURGLARY",130800402,"100 BLOCK TULANE DR SE","Albuquerque Police","2/10/2013 18:54","Albuquerque NM","100 BLOCK TULANE DR SE Albuquerque NM",-106.6069905,35.0800179
"214",NA,"AUTO BURGLARY",130012600,"1400 BLOCK LAS LOMAS RD NE","Albuquerque Police","2/9/2013 11:07","Albuquerque NM","1400 BLOCK LAS LOMAS RD NE Albuquerque NM",-106.6287059,35.087314
"215",NA,"AUTO BURGLARY",130012588,"600 BLOCK ENCINO PL NE","Albuquerque Police","2/9/2013 10:22","Albuquerque NM","600 BLOCK ENCINO PL NE Albuquerque NM",-106.632468,35.087037
"216",NA,"AUTO BURGLARY",130800378,"400 BLOCK HERMOSA DR NE","Albuquerque Police","2/9/2013 10:02","Albuquerque NM","400 BLOCK HERMOSA DR NE Albuquerque NM",-106.6027915,35.0838805
"217",NA,"BURGLARY/BREAKING AND ENTERING",130012461,"1300 BLOCK LAFAYETTE DR NE","Albuquerque Police","2/8/2013 19:55","Albuquerque NM","1300 BLOCK LAFAYETTE DR NE Albuquerque NM",-106.608331,35.0966949
"218",NA,"BURGLARY/BREAKING AND ENTERING",130012432,"500 BLOCK MULBERRY ST NE","Albuquerque Police","2/8/2013 18:47","Albuquerque NM","500 BLOCK MULBERRY ST NE Albuquerque NM",-106.634181,35.0860032
"219",NA,"BURGLARY/BREAKING AND ENTERING",130012394,"900 BLOCK JEFFERSON ST NE","Albuquerque Police","2/8/2013 17:16","Albuquerque NM","900 BLOCK JEFFERSON ST NE Albuquerque NM",-106.5929931,35.0928963
"220",NA,"COMMERCIAL BURGLARY",130012366,"2100 BLOCK CARLISLE BL NE","Albuquerque Police","2/8/2013 15:58","Albuquerque NM","2100 BLOCK CARLISLE BL NE Albuquerque NM",-106.602869,35.103138
"221",NA,"AUTO BURGLARY",130012312,"3300 BLOCK CENTRAL AV E","Albuquerque Police","2/8/2013 15:23","Albuquerque NM","3300 BLOCK CENTRAL AV E Albuquerque NM",-106.607937,35.0800402
"222",NA,"AUTO BURGLARY",130012258,"1700 BLOCK LOMAS BL NE","Albuquerque Police","2/8/2013 13:08","Albuquerque NM","1700 BLOCK LOMAS BL NE Albuquerque NM",-106.6250342,35.0897772
"223",NA,"BURGLARY/BREAKING AND ENTERING",130012024,"800 BLOCK SUMMIT DR NE","Albuquerque Police","2/7/2013 17:15","Albuquerque NM","800 BLOCK SUMMIT DR NE Albuquerque NM",-106.609701,35.089794
"224",NA,"BURGLARY/BREAKING AND ENTERING",130011927,"700 BLOCK TULANE DR NE","Albuquerque Police","2/7/2013 13:48","Albuquerque NM","700 BLOCK TULANE DR NE Albuquerque NM",-106.6065216,35.0875692
"225",NA,"AUTO THEFT",130011858,"4300 BLOCK ZUNI RD SE","Albuquerque Police","2/7/2013 11:02","Albuquerque NM","4300 BLOCK ZUNI RD SE Albuquerque NM",-106.5971371,35.0729249
"226",NA,"AUTO BURGLARY",130800359,"400 BLOCK STANFORD DR SE","Albuquerque Police","2/7/2013 8:27","Albuquerque NM","400 BLOCK STANFORD DR SE Albuquerque NM",-106.6183096,35.0754712
"227",NA,"AUTO THEFT",130011642,"4500 BLOCK MARBLE AV NE","Albuquerque Police","2/6/2013 16:42","Albuquerque NM","4500 BLOCK MARBLE AV NE Albuquerque NM",-106.594116,35.0892418
"228",NA,"AUTO BURGLARY",130011498,"2400 BLOCK GARFIELD AV SE","Albuquerque Police","2/6/2013 10:16","Albuquerque NM","2400 BLOCK GARFIELD AV SE Albuquerque NM",-106.6195775,35.0736661
"229",NA,"AUTO BURGLARY",130011469,"1700 BLOCK UNIVERSITY BL NE","Albuquerque Police","2/6/2013 9:26","Albuquerque NM","1700 BLOCK UNIVERSITY BL NE Albuquerque NM",-106.6238265,35.1051995
"230",NA,"AUTO THEFT",130011478,"400 BLOCK STANFORD DR SE","Albuquerque Police","2/6/2013 9:26","Albuquerque NM","400 BLOCK STANFORD DR SE Albuquerque NM",-106.6183096,35.0754712
"231",NA,"BURGLARY/BREAKING AND ENTERING",130011443,"100 BLOCK WELLESLEY DR SE","Albuquerque Police","2/6/2013 6:43","Albuquerque NM","100 BLOCK WELLESLEY DR SE Albuquerque NM",-106.6082714,35.0802057
"232",NA,"AUTO BURGLARY",130011435,"500 BLOCK ADAMS ST NE","Albuquerque Police","2/6/2013 4:37","Albuquerque NM","500 BLOCK ADAMS ST NE Albuquerque NM",-106.5941588,35.0855421
"233",NA,"AUTO BURGLARY",130011431,"100 BLOCK RICHMOND DR SE","Albuquerque Police","2/6/2013 4:00","Albuquerque NM","100 BLOCK RICHMOND DR SE Albuquerque NM",-106.6107655,35.0805529
"234",NA,"AUTO BURGLARY",130011393,"100 BLOCK VASSAR DR SE","Albuquerque Police","2/5/2013 21:07","Albuquerque NM","100 BLOCK VASSAR DR SE Albuquerque NM",-106.6145084,35.080896
"235",NA,"AUTO THEFT",130011269,"1800 BLOCK GIRARD BL NE","Albuquerque Police","2/5/2013 15:40","Albuquerque NM","1800 BLOCK GIRARD BL NE Albuquerque NM",-106.6138506,35.1035116
"236",NA,"AUTO THEFT",130011831,"1600 BLOCK UNIVERSITY BL NE","Albuquerque Police","2/5/2013 14:00","Albuquerque NM","1600 BLOCK UNIVERSITY BL NE Albuquerque NM",-106.627165,35.0993507
"237",NA,"BURGLARY/BREAKING AND ENTERING",130011212,"1900 BLOCK WASHINGTON ST NE","Albuquerque Police","2/5/2013 11:14","Albuquerque NM","1900 BLOCK WASHINGTON ST NE Albuquerque NM",-106.594971,35.101031
"238",NA,"AUTO BURGLARY",130011180,"400 BLOCK COLUMBIA DR SE","Albuquerque Police","2/5/2013 11:07","Albuquerque NM","400 BLOCK COLUMBIA DR SE Albuquerque NM",-106.6170644,35.0754595
"239",NA,"ROBBERY",130011187,"1800 BLOCK CENTRAL AV E","Albuquerque Police","2/5/2013 10:49","Albuquerque NM","1800 BLOCK CENTRAL AV E Albuquerque NM",-106.626627,35.081038
"240",NA,"THEFT FROM A MOTOR VEHICLE",130011164,"900 BLOCK BUENA VISTA DR. SE","Albuquerque Police","2/5/2013 10:15","Albuquerque NM","900 BLOCK BUENA VISTA DR. SE Albuquerque NM",-106.6240732,35.0730308
"241",NA,"AUTO BURGLARY",130011118,"100 BLOCK DARTMOUTH DR SE","Albuquerque Police","2/5/2013 6:15","Albuquerque NM","100 BLOCK DARTMOUTH DR SE Albuquerque NM",-106.6119979,35.0807425
"242",NA,"AUTO BURGLARY",130011117,"3600 BLOCK SILVER AV SE","Albuquerque Police","2/5/2013 5:55","Albuquerque NM","3600 BLOCK SILVER AV SE Albuquerque NM",-106.6045199,35.0784572
"243",NA,"AUTO BURGLARY",130800336,"3000 BLOCK CENTRAL AV E","Albuquerque Police","2/4/2013 17:49","Albuquerque NM","3000 BLOCK CENTRAL AV E Albuquerque NM",-106.6116778,35.0805132
"244",NA,"AUTO BURGLARY",130010956,"1500 BLOCK CARLISLE BL NE","Albuquerque Police","2/4/2013 15:59","Albuquerque NM","1500 BLOCK CARLISLE BL NE Albuquerque NM",-106.6039739,35.096803
"245",NA,"AUTO BURGLARY",130800327,"4100 BLOCK CUTLER AV NE","Albuquerque Police","2/4/2013 11:39","Albuquerque NM","4100 BLOCK CUTLER AV NE Albuquerque NM",-106.601686,35.105278
"246",NA,"AUTO BURGLARY",130010792,"2300 BLOCK GARFIELD AV SE","Albuquerque Police","2/4/2013 7:43","Albuquerque NM","2300 BLOCK GARFIELD AV SE Albuquerque NM",-106.6209336,35.0733846
"247",NA,"AUTO BURGLARY",130800323,"1500 BLOCK GOLD AV SE","Albuquerque Police","2/3/2013 22:52","Albuquerque NM","1500 BLOCK GOLD AV SE Albuquerque NM",-106.630366,35.0805099
"248",NA,"AUTO BURGLARY",130010719,"3100 BLOCK CENTRAL AV E","Albuquerque Police","2/3/2013 21:15","Albuquerque NM","3100 BLOCK CENTRAL AV E Albuquerque NM",-106.610617,35.080339
"249",NA,"THEFT FROM A MOTOR VEHICLE",130800312,"3400 BLOCK CENTRAL AV E","Albuquerque Police","2/2/2013 12:26","Albuquerque NM","3400 BLOCK CENTRAL AV E Albuquerque NM",-106.6068726,35.0797839
"250",NA,"AUTO THEFT",130010277,"1100 BLOCK CENTRAL AV E","Albuquerque Police","2/2/2013 8:37","Albuquerque NM","1100 BLOCK CENTRAL AV E Albuquerque NM",-106.635382,35.081573
"251",NA,"AUTO THEFT",130010200,"100 BLOCK COLUMBIA DR SE","Albuquerque Police","2/1/2013 22:51","Albuquerque NM","100 BLOCK COLUMBIA DR SE Albuquerque NM",-106.6170292,35.0809014
"252",NA,"BURGLARY/BREAKING AND ENTERING",130010154,"700 BLOCK HERMOSA DR NE","Albuquerque Police","2/1/2013 19:30","Albuquerque NM","700 BLOCK HERMOSA DR NE Albuquerque NM",-106.6033304,35.0879768
"253",NA,"BURGLARY/BREAKING AND ENTERING",130010105,"3900 BLOCK MESA VERDE AV NE","Albuquerque Police","2/1/2013 17:00","Albuquerque NM","3900 BLOCK MESA VERDE AV NE Albuquerque NM",-106.6004262,35.0879107
"254",NA,"AUTO BURGLARY",130800300,"1500 BLOCK INDIAN SCHOOL RD NE","Albuquerque Police","2/1/2013 9:35","Albuquerque NM","1500 BLOCK INDIAN SCHOOL RD NE Albuquerque NM",-106.628691,35.0977279
"255",NA,"AUTO THEFT",130009691,"900 BLOCK UNIVERSITY BL SE","Albuquerque Police","1/31/2013 16:22","Albuquerque NM","900 BLOCK UNIVERSITY BL SE Albuquerque NM",-106.6299118,35.0729112
"256",NA,"AUTO BURGLARY",130009605,"4300 BLOCK MESA GRANDE PL SE","Albuquerque Police","1/31/2013 12:25","Albuquerque NM","4300 BLOCK MESA GRANDE PL SE Albuquerque NM",-106.596734,35.0771205
"257",NA,"AUTO THEFT",130009601,"1500 BLOCK INDIAN SCHOOL RD NE","Albuquerque Police","1/31/2013 11:48","Albuquerque NM","1500 BLOCK INDIAN SCHOOL RD NE Albuquerque NM",-106.628691,35.0977279
"258",NA,"AUTO BURGLARY",130800288,"400 BLOCK HERMOSA DR SE","Albuquerque Police","1/31/2013 9:40","Albuquerque NM","400 BLOCK HERMOSA DR SE Albuquerque NM",-106.6033856,35.0754048
"259",NA,"AUTO BURGLARY",130009488,"1400 BLOCK SILVER AV SE","Albuquerque Police","1/31/2013 6:30","Albuquerque NM","1400 BLOCK SILVER AV SE Albuquerque NM",-106.6317399,35.079659
"260",NA,"AUTO BURGLARY",130009482,"1600 BLOCK GOLD AV SE","Albuquerque Police","1/31/2013 4:00","Albuquerque NM","1600 BLOCK GOLD AV SE Albuquerque NM",-106.629178,35.080353
"261",NA,"AUTO THEFT",130009381,"700 BLOCK UNIVERSITY BL SE","Albuquerque Police","1/30/2013 17:20","Albuquerque NM","700 BLOCK UNIVERSITY BL SE Albuquerque NM",-106.6276466,35.0756754
"262",NA,"AUTO BURGLARY",130009343,"1100 BLOCK CENTRAL AV E","Albuquerque Police","1/30/2013 15:31","Albuquerque NM","1100 BLOCK CENTRAL AV E Albuquerque NM",-106.635382,35.081573
"263",NA,"AUTO THEFT",130009336,"500 BLOCK BUENA VISTA DR SE","Albuquerque Police","1/30/2013 15:06","Albuquerque NM","500 BLOCK BUENA VISTA DR SE Albuquerque NM",-106.624007,35.0769848
"264",NA,"AUTO BURGLARY",130009207,"500 BLOCK COLUMBIA DR SE","Albuquerque Police","1/30/2013 5:14","Albuquerque NM","500 BLOCK COLUMBIA DR SE Albuquerque NM",-106.6170638,35.0736704
"265",NA,"AUTO BURGLARY",130009157,"4300 BLOCK CENTRAL AV E","Albuquerque Police","1/29/2013 19:56","Albuquerque NM","4300 BLOCK CENTRAL AV E Albuquerque NM",-106.5962597,35.0786461
"266",NA,"AUTO BURGLARY",130009116,"500 BLOCK DARTMOUTH DR SE","Albuquerque Police","1/29/2013 17:21","Albuquerque NM","500 BLOCK DARTMOUTH DR SE Albuquerque NM",-106.612061,35.0736379
"267",NA,"BURGLARY/BREAKING AND ENTERING",130008955,"1800 BLOCK MORNINGSIDE DR NE","Albuquerque Police","1/29/2013 10:12","Albuquerque NM","1800 BLOCK MORNINGSIDE DR NE Albuquerque NM",-106.6002835,35.0989808
"268",NA,"AUTO BURGLARY",130800268,"3000 BLOCK MONTE VISTA BL NE","Albuquerque Police","1/29/2013 9:55","Albuquerque NM","3000 BLOCK MONTE VISTA BL NE Albuquerque NM",-106.6120148,35.0814319
"269",NA,"AUTO BURGLARY",130008916,"300 BLOCK ADAMS ST SE","Albuquerque Police","1/29/2013 6:38","Albuquerque NM","300 BLOCK ADAMS ST SE Albuquerque NM",-106.594046,35.075578
"270",NA,"AUTO THEFT",130008704,"1100 BLOCK CENTRAL AV E","Albuquerque Police","1/28/2013 11:11","Albuquerque NM","1100 BLOCK CENTRAL AV E Albuquerque NM",-106.635382,35.081573
"271",NA,"AUTO THEFT",130008513,"400 BLOCK JEFFERSON ST NE","Albuquerque Police","1/27/2013 19:24","Albuquerque NM","400 BLOCK JEFFERSON ST NE Albuquerque NM",-106.5929994,35.0836934
"272",NA,"AUTO BURGLARY",130800246,"2700 BLOCK VISTA LARGA AV NE","Albuquerque Police","1/26/2013 15:23","Albuquerque NM","2700 BLOCK VISTA LARGA AV NE Albuquerque NM",-106.6156548,35.1012836
"273",NA,"BURGLARY/BREAKING AND ENTERING",130007921,"200 BLOCK CARLISLE BL SE","Albuquerque Police","1/25/2013 19:23","Albuquerque NM","200 BLOCK CARLISLE BL SE Albuquerque NM",-106.604314,35.078179
"274",NA,"BURGLARY/BREAKING AND ENTERING",130007755,"500 BLOCK GIRARD BL SE","Albuquerque Police","1/25/2013 12:14","Albuquerque NM","500 BLOCK GIRARD BL SE Albuquerque NM",-106.612967,35.073509
"275",NA,"BURGLARY/BREAKING AND ENTERING",130007741,"1500 BLOCK CORNELL DR NE","Albuquerque Police","1/25/2013 11:51","Albuquerque NM","1500 BLOCK CORNELL DR NE Albuquerque NM",-106.619016,35.100077
"276",NA,"BURGLARY/BREAKING AND ENTERING",130007719,"100 BLOCK HARVARD DR SE","Albuquerque Police","1/25/2013 10:53","Albuquerque NM","100 BLOCK HARVARD DR SE Albuquerque NM",-106.6207849,35.080918
"277",NA,"COMMERCIAL BURGLARY",130007667,"400 BLOCK MAPLE ST SE","Albuquerque Police","1/25/2013 8:36","Albuquerque NM","400 BLOCK MAPLE ST SE Albuquerque NM",-106.6308407,35.0788271
"278",NA,"AUTO BURGLARY",130007634,"300 BLOCK AMHERST DR NE","Albuquerque Police","1/25/2013 5:12","Albuquerque NM","300 BLOCK AMHERST DR NE Albuquerque NM",-106.60508,35.082254
"279",NA,"BURGLARY/BREAKING AND ENTERING",130007566,"500 BLOCK CARLISLE BL SE","Albuquerque Police","1/24/2013 19:57","Albuquerque NM","500 BLOCK CARLISLE BL SE Albuquerque NM",-106.604202,35.073461
"280",NA,"AUTO BURGLARY",130007448,"400 BLOCK VASSAR DR SE","Albuquerque Police","1/24/2013 14:07","Albuquerque NM","400 BLOCK VASSAR DR SE Albuquerque NM",-106.6145559,35.0754769
"281",NA,"AUTO BURGLARY",130800231,"500 BLOCK BRYN MAWR DR SE","Albuquerque Police","1/24/2013 8:53","Albuquerque NM","500 BLOCK BRYN MAWR DR SE Albuquerque NM",-106.6095497,35.0736189
"282",NA,"AUTO THEFT",130007328,"1700 BLOCK INDIAN PLAZA DR NE","Albuquerque Police","1/24/2013 6:32","Albuquerque NM","1700 BLOCK INDIAN PLAZA DR NE Albuquerque NM",-106.606112,35.103321
"283",NA,"BURGLARY/BREAKING AND ENTERING",130007238,"600 BLOCK JEFFERSON ST NE","Albuquerque Police","1/23/2013 19:03","Albuquerque NM","600 BLOCK JEFFERSON ST NE Albuquerque NM",-106.5930073,35.0874466
"284",NA,"AUTO THEFT",130007218,"1100 BLOCK CENTRAL AV E","Albuquerque Police","1/23/2013 18:22","Albuquerque NM","1100 BLOCK CENTRAL AV E Albuquerque NM",-106.635382,35.081573
"285",NA,"AUTO THEFT",130007002,"1300 BLOCK COLUMBIA DR NE","Albuquerque Police","1/23/2013 9:40","Albuquerque NM","1300 BLOCK COLUMBIA DR NE Albuquerque NM",-106.616361,35.096635
"286",NA,"AUTO BURGLARY",130006996,"1100 BLOCK CENTRAL AV E","Albuquerque Police","1/23/2013 9:33","Albuquerque NM","1100 BLOCK CENTRAL AV E Albuquerque NM",-106.635382,35.081573
"287",NA,"AUTO THEFT",130006986,"2900 BLOCK BURTON AV SE","Albuquerque Police","1/23/2013 7:56","Albuquerque NM","2900 BLOCK BURTON AV SE Albuquerque NM",-106.6133183,35.0719711
"288",NA,"BURGLARY/BREAKING AND ENTERING",130006946,"300 BLOCK AMHERST DR SE","Albuquerque Police","1/23/2013 1:02","Albuquerque NM","300 BLOCK AMHERST DR SE Albuquerque NM",-106.6054319,35.077104
"289",NA,"AUTO BURGLARY",130006860,"200 BLOCK CEDAR ST SE","Albuquerque Police","1/22/2013 17:50","Albuquerque NM","200 BLOCK CEDAR ST SE Albuquerque NM",-106.6340268,35.0812492
"290",NA,"AUTO THEFT",130006792,"1700 BLOCK COAL PL SE","Albuquerque Police","1/22/2013 15:09","Albuquerque NM","1700 BLOCK COAL PL SE Albuquerque NM",-106.6286697,35.07758
"291",NA,"AUTO BURGLARY",130006697,"100 BLOCK HARVARD DR SE","Albuquerque Police","1/22/2013 11:21","Albuquerque NM","100 BLOCK HARVARD DR SE Albuquerque NM",-106.6207849,35.080918
"292",NA,"BURGLARY/BREAKING AND ENTERING",130006563,"1900 BLOCK BRYN MAWR DR NE","Albuquerque Police","1/21/2013 21:35","Albuquerque NM","1900 BLOCK BRYN MAWR DR NE Albuquerque NM",-106.6102765,35.1047644
"293",NA,"AUTO BURGLARY",130800264,"1600 BLOCK HARVARD DR NE","Albuquerque Police","1/21/2013 10:05","Albuquerque NM","1600 BLOCK HARVARD DR NE Albuquerque NM",-106.621107,35.1001059
"294",NA,"AUTO THEFT",130006199,"400 BLOCK WASHINGTON ST SE","Albuquerque Police","1/20/2013 15:06","Albuquerque NM","400 BLOCK WASHINGTON ST SE Albuquerque NM",-106.5948389,35.075436
"295",NA,"COMMERCIAL BURGLARY",130009024,"300 BLOCK CORNELL DR SE","Albuquerque Police","1/20/2013 14:00","Albuquerque NM","300 BLOCK CORNELL DR SE Albuquerque NM",-106.6195493,35.077289
"296",NA,"AUTO BURGLARY",130006167,"3400 BLOCK SILVER AV SE","Albuquerque Police","1/20/2013 13:03","Albuquerque NM","3400 BLOCK SILVER AV SE Albuquerque NM",-106.6070262,35.0790504
"297",NA,"BURGLARY/BREAKING AND ENTERING",130006106,"500 BLOCK TULANE DR SE","Albuquerque Police","1/20/2013 6:22","Albuquerque NM","500 BLOCK TULANE DR SE Albuquerque NM",-106.606701,35.073499
"298",NA,"AUTO THEFT",130006094,"400 BLOCK VALVERDE DR SE","Albuquerque Police","1/20/2013 3:45","Albuquerque NM","400 BLOCK VALVERDE DR SE Albuquerque NM",-106.5962195,35.0749707
"299",NA,"AUTO BURGLARY",130006037,"200 BLOCK PRINCETON DR SE","Albuquerque Police","1/19/2013 22:00","Albuquerque NM","200 BLOCK PRINCETON DR SE Albuquerque NM",-106.615785,35.0790818
"300",NA,"AUTO THEFT",130006015,"1800 BLOCK GIRARD BL NE","Albuquerque Police","1/19/2013 21:05","Albuquerque NM","1800 BLOCK GIRARD BL NE Albuquerque NM",-106.6138506,35.1035116
"301",NA,"BURGLARY/BREAKING AND ENTERING",130005954,"800 BLOCK LOCUST PL NE","Albuquerque Police","1/19/2013 18:00","Albuquerque NM","800 BLOCK LOCUST PL NE Albuquerque NM",-106.6340149,35.1011407
"302",NA,"BURGLARY/BREAKING AND ENTERING",130005908,"700 BLOCK MORNINGSIDE DR NE","Albuquerque Police","1/19/2013 15:01","Albuquerque NM","700 BLOCK MORNINGSIDE DR NE Albuquerque NM",-106.5982518,35.0892563
"303",NA,"AUTO BURGLARY",130005886,"1400 BLOCK GOLD AV SE","Albuquerque Police","1/19/2013 13:33","Albuquerque NM","1400 BLOCK GOLD AV SE Albuquerque NM",-106.6316556,35.0809395
"304",NA,"BURGLARY/BREAKING AND ENTERING",130005833,"2300 BLOCK VISTA LARGA DR NE","Albuquerque Police","1/19/2013 8:52","Albuquerque NM","2300 BLOCK VISTA LARGA DR NE Albuquerque NM",-106.620287,35.100245
"305",NA,"AUTO BURGLARY",130005666,"100 BLOCK BRYN MAWR DR SE","Albuquerque Police","1/18/2013 16:00","Albuquerque NM","100 BLOCK BRYN MAWR DR SE Albuquerque NM",-106.6095355,35.0803834
"306",NA,"AUTO BURGLARY",130005591,"200 BLOCK SYCAMORE ST SE","Albuquerque Police","1/18/2013 13:59","Albuquerque NM","200 BLOCK SYCAMORE ST SE Albuquerque NM",-106.6316481,35.0809443
"307",NA,"AUTO THEFT",130005472,"2100 BLOCK CARLISLE BL NE","Albuquerque Police","1/18/2013 8:50","Albuquerque NM","2100 BLOCK CARLISLE BL NE Albuquerque NM",-106.602869,35.103138
"308",NA,"AUTO BURGLARY",130800172,"100 BLOCK AMHERST DR SE","Albuquerque Police","1/18/2013 8:45","Albuquerque NM","100 BLOCK AMHERST DR SE Albuquerque NM",-106.6057643,35.0798632
"309",NA,"COMMERCIAL BURGLARY",130005475,"4300 BLOCK SILVER AV SE","Albuquerque Police","1/18/2013 7:56","Albuquerque NM","4300 BLOCK SILVER AV SE Albuquerque NM",-106.596206,35.077636
"310",NA,"BURGLARY/BREAKING AND ENTERING",130005179,"200 BLOCK CARLISLE BL SE","Albuquerque Police","1/17/2013 19:17","Albuquerque NM","200 BLOCK CARLISLE BL SE Albuquerque NM",-106.604314,35.078179
"311",NA,"BURGLARY/BREAKING AND ENTERING",130005203,"3000 BLOCK DELANO PL NE","Albuquerque Police","1/17/2013 18:18","Albuquerque NM","3000 BLOCK DELANO PL NE Albuquerque NM",-106.611958,35.090152
"312",NA,"BURGLARY/BREAKING AND ENTERING",130005191,"3800 BLOCK CALLE DEL MONTE NE","Albuquerque Police","1/17/2013 17:08","Albuquerque NM","3800 BLOCK CALLE DEL MONTE NE Albuquerque NM",-106.6025714,35.0921535
"313",NA,"BURGLARY/BREAKING AND ENTERING",130005163,"3800 BLOCK MACKLAND AV NE","Albuquerque Police","1/17/2013 16:57","Albuquerque NM","3800 BLOCK MACKLAND AV NE Albuquerque NM",-106.6020168,35.0910465
"314",NA,"AUTO THEFT",130005043,"4400 BLOCK CUTLER AV NE","Albuquerque Police","1/17/2013 11:30","Albuquerque NM","4400 BLOCK CUTLER AV NE Albuquerque NM",-106.5944953,35.1047947
"315",NA,"BURGLARY/BREAKING AND ENTERING",130005415,"100 BLOCK PRINCETON DR SE","Albuquerque Police","1/17/2013 0:11","Albuquerque NM","100 BLOCK PRINCETON DR SE Albuquerque NM",-106.6157632,35.0809032
"316",NA,"BURGLARY/BREAKING AND ENTERING",130004620,"4200 BLOCK MESA GRANDE PL SE","Albuquerque Police","1/16/2013 23:00","Albuquerque NM","4200 BLOCK MESA GRANDE PL SE Albuquerque NM",-106.5978505,35.0772399
"317",NA,"BURGLARY/BREAKING AND ENTERING",130004918,"1200 BLOCK LEAD AV SE","Albuquerque Police","1/16/2013 20:05","Albuquerque NM","1200 BLOCK LEAD AV SE Albuquerque NM",-106.634287,35.079015
"318",NA,"AUTO BURGLARY",130004777,"300 BLOCK RICHMOND DR SE","Albuquerque Police","1/16/2013 14:15","Albuquerque NM","300 BLOCK RICHMOND DR SE Albuquerque NM",-106.6107802,35.0772594
"319",NA,"AUTO BURGLARY",130800154,"200 BLOCK VASSAR DR SE","Albuquerque Police","1/16/2013 14:01","Albuquerque NM","200 BLOCK VASSAR DR SE Albuquerque NM",-106.6145099,35.0790763
"320",NA,"BURGLARY/BREAKING AND ENTERING",130004718,"300 BLOCK MESA ST SE","Albuquerque Police","1/16/2013 11:50","Albuquerque NM","300 BLOCK MESA ST SE Albuquerque NM",-106.6258996,35.0791604
"321",NA,"AUTO THEFT",130004482,"1900 BLOCK GOLD AV SE","Albuquerque Police","1/15/2013 15:10","Albuquerque NM","1900 BLOCK GOLD AV SE Albuquerque NM",-106.625724,35.0801695
"322",NA,"BURGLARY/BREAKING AND ENTERING",130004512,"4400 BLOCK ROYENE AV NE","Albuquerque Police","1/15/2013 13:54","Albuquerque NM","4400 BLOCK ROYENE AV NE Albuquerque NM",-106.59659,35.0973029
"323",NA,"BURGLARY/BREAKING AND ENTERING",130150713,"4400 BLOCK ROYENE AV NE","Albuquerque Police","1/15/2013 13:45","Albuquerque NM","4400 BLOCK ROYENE AV NE Albuquerque NM",-106.59659,35.0973029
"324",NA,"AUTO BURGLARY",130004240,"4400 BLOCK CUTLER AV NE","Albuquerque Police","1/14/2013 18:01","Albuquerque NM","4400 BLOCK CUTLER AV NE Albuquerque NM",-106.5944953,35.1047947
"325",NA,"AUTO BURGLARY",130800136,"400 BLOCK ASH ST NE","Albuquerque Police","1/14/2013 14:46","Albuquerque NM","400 BLOCK ASH ST NE Albuquerque NM",-106.6281686,35.0842011
"326",NA,"BURGLARY/BREAKING AND ENTERING",130004150,"1400 BLOCK PRINCETON DR NE","Albuquerque Police","1/14/2013 13:54","Albuquerque NM","1400 BLOCK PRINCETON DR NE Albuquerque NM",-106.6143706,35.0985178
"327",NA,"BURGLARY/BREAKING AND ENTERING",130004162,"1600 BLOCK RITA DR NE","Albuquerque Police","1/14/2013 13:13","Albuquerque NM","1600 BLOCK RITA DR NE Albuquerque NM",-106.605129,35.096838
"328",NA,"BURGLARY/BREAKING AND ENTERING",130004060,"1300 BLOCK LAFAYETTE DR NE","Albuquerque Police","1/14/2013 12:13","Albuquerque NM","1300 BLOCK LAFAYETTE DR NE Albuquerque NM",-106.608331,35.0966949
"329",NA,"AUTO THEFT",130004015,"1200 BLOCK TIJERAS AV NE","Albuquerque Police","1/14/2013 9:39","Albuquerque NM","1200 BLOCK TIJERAS AV NE Albuquerque NM",-106.6332731,35.0842067
"330",NA,"AUTO THEFT",130003720,"4300 BLOCK CENTRAL AV E","Albuquerque Police","1/13/2013 1:05","Albuquerque NM","4300 BLOCK CENTRAL AV E Albuquerque NM",-106.5962597,35.0786461
"331",NA,"BURGLARY/BREAKING AND ENTERING",130003668,"300 BLOCK SIERRA DR SE","Albuquerque Police","1/12/2013 21:15","Albuquerque NM","300 BLOCK SIERRA DR SE Albuquerque NM",-106.5980174,35.0761695
"332",NA,"AUTO BURGLARY",130003291,"4500 BLOCK CENTRAL AV E","Albuquerque Police","1/11/2013 16:08","Albuquerque NM","4500 BLOCK CENTRAL AV E Albuquerque NM",-106.5941009,35.0783732
"333",NA,"BURGLARY/BREAKING AND ENTERING",130003241,"2500 BLOCK CUTLER AV NE","Albuquerque Police","1/11/2013 14:30","Albuquerque NM","2500 BLOCK CUTLER AV NE Albuquerque NM",-106.6207078,35.1050946
"334",NA,"AUTO THEFT",130003162,"1600 BLOCK INDIAN SCHOOL RD NE","Albuquerque Police","1/11/2013 10:12","Albuquerque NM","1600 BLOCK INDIAN SCHOOL RD NE Albuquerque NM",-106.62732,35.098968
"335",NA,"AUTO BURGLARY",130003053,"100 BLOCK RICHMOND DR SE","Albuquerque Police","1/10/2013 21:13","Albuquerque NM","100 BLOCK RICHMOND DR SE Albuquerque NM",-106.6107655,35.0805529
"336",NA,"BURGLARY/BREAKING AND ENTERING",130002962,"1600 BLOCK PRINCETON DR NE","Albuquerque Police","1/10/2013 16:15","Albuquerque NM","1600 BLOCK PRINCETON DR NE Albuquerque NM",-106.6156573,35.1013056
"337",NA,"AUTO BURGLARY",130800104,"100 BLOCK BRYN MAWR DR NE","Albuquerque Police","1/10/2013 15:09","Albuquerque NM","100 BLOCK BRYN MAWR DR NE Albuquerque NM",-106.6095426,35.0805224
"338",NA,"BURGLARY/BREAKING AND ENTERING",130002818,"4400 BLOCK CONSTITUTION AV NE","Albuquerque Police","1/10/2013 10:28","Albuquerque NM","4400 BLOCK CONSTITUTION AV NE Albuquerque NM",-106.5965,35.0946825
"339",NA,"AUTO BURGLARY",130002793,"1000 BLOCK CENTRAL AV E","Albuquerque Police","1/10/2013 8:50","Albuquerque NM","1000 BLOCK CENTRAL AV E Albuquerque NM",-106.6361911,35.0825401
"340",NA,"AUTO BURGLARY",130002789,"500 BLOCK BRYN MAWR DR SE","Albuquerque Police","1/10/2013 8:01","Albuquerque NM","500 BLOCK BRYN MAWR DR SE Albuquerque NM",-106.6095497,35.0736189
"341",NA,"COMMERCIAL BURGLARY",130002475,"1500 BLOCK INDIAN SCHOOL RD NE","Albuquerque Police","1/9/2013 12:00","Albuquerque NM","1500 BLOCK INDIAN SCHOOL RD NE Albuquerque NM",-106.628691,35.0977279
"342",NA,"COMMERCIAL BURGLARY",130002527,"400 BLOCK MAPLE ST SE","Albuquerque Police","1/9/2013 10:38","Albuquerque NM","400 BLOCK MAPLE ST SE Albuquerque NM",-106.6308407,35.0788271
"343",NA,"AUTO BURGLARY",130800087,"1100 BLOCK LOMAS BL NE","Albuquerque Police","1/8/2013 22:52","Albuquerque NM","1100 BLOCK LOMAS BL NE Albuquerque NM",-106.6330176,35.0917836
"344",NA,"BURGLARY/BREAKING AND ENTERING",130002398,"2100 BLOCK ST CYR AV SE","Albuquerque Police","1/8/2013 18:00","Albuquerque NM","2100 BLOCK ST CYR AV SE Albuquerque NM",-106.6240717,35.0730333
"345",NA,"AUTO BURGLARY",130002340,"100 BLOCK GIRARD BL SE","Albuquerque Police","1/8/2013 17:11","Albuquerque NM","100 BLOCK GIRARD BL SE Albuquerque NM",-106.6132502,35.0808988
"346",NA,"AUTO BURGLARY",130800083,"300 BLOCK HARVARD DR SE","Albuquerque Police","1/8/2013 14:30","Albuquerque NM","300 BLOCK HARVARD DR SE Albuquerque NM",-106.620447,35.07716
"347",NA,"AUTO BURGLARY",130002139,"2800 BLOCK EUCLID AV NE","Albuquerque Police","1/8/2013 8:15","Albuquerque NM","2800 BLOCK EUCLID AV NE Albuquerque NM",-106.6144596,35.103483
"348",NA,"AUTO BURGLARY",130002143,"4300 BLOCK ZUNI RD SE","Albuquerque Police","1/8/2013 7:53","Albuquerque NM","4300 BLOCK ZUNI RD SE Albuquerque NM",-106.5971371,35.0729249
"349",NA,"AUTO THEFT",130001929,"700 BLOCK UNIVERSITY BL SE","Albuquerque Police","1/7/2013 14:18","Albuquerque NM","700 BLOCK UNIVERSITY BL SE Albuquerque NM",-106.6276466,35.0756754
"350",NA,"BURGLARY/BREAKING AND ENTERING",130001954,"4400 BLOCK JOE DAN PL NE","Albuquerque Police","1/7/2013 13:42","Albuquerque NM","4400 BLOCK JOE DAN PL NE Albuquerque NM",-106.595018,35.09877
"351",NA,"COMMERCIAL BURGLARY",130001919,"400 BLOCK ADAMS ST SE","Albuquerque Police","1/7/2013 13:40","Albuquerque NM","400 BLOCK ADAMS ST SE Albuquerque NM",-106.5943254,35.0743187
"352",NA,"AUTO THEFT",130001873,"100 BLOCK COLUMBIA DR SE","Albuquerque Police","1/7/2013 11:35","Albuquerque NM","100 BLOCK COLUMBIA DR SE Albuquerque NM",-106.6170292,35.0809014
"353",NA,"AUTO BURGLARY",130001750,"3100 BLOCK CENTRAL AV E","Albuquerque Police","1/6/2013 21:10","Albuquerque NM","3100 BLOCK CENTRAL AV E Albuquerque NM",-106.610617,35.080339
"354",NA,"COMMERCIAL BURGLARY",130001555,"1000 BLOCK TIJERAS AV NE","Albuquerque Police","1/6/2013 1:06","Albuquerque NM","1000 BLOCK TIJERAS AV NE Albuquerque NM",-106.6357254,35.0845222
"355",NA,"AUTO BURGLARY",130001544,"3500 BLOCK SILVER AV SE","Albuquerque Police","1/5/2013 23:31","Albuquerque NM","3500 BLOCK SILVER AV SE Albuquerque NM",-106.605781,35.0790405
"356",NA,"AUTO BURGLARY",130001466,"500 BLOCK COLUMBIA DR SE","Albuquerque Police","1/5/2013 17:36","Albuquerque NM","500 BLOCK COLUMBIA DR SE Albuquerque NM",-106.6170638,35.0736704
"357",NA,"AUTO THEFT",130001395,"1100 BLOCK CENTRAL AV E","Albuquerque Police","1/5/2013 13:40","Albuquerque NM","1100 BLOCK CENTRAL AV E Albuquerque NM",-106.635382,35.081573
"358",NA,"BURGLARY/BREAKING AND ENTERING",130001270,"2800 BLOCK MOUNTAIN RD NE","Albuquerque Police","1/4/2013 20:13","Albuquerque NM","2800 BLOCK MOUNTAIN RD NE Albuquerque NM",-106.6142243,35.092859
"359",NA,"BURGLARY/BREAKING AND ENTERING",130001107,"700 BLOCK LOMA VISTA DR NE","Albuquerque Police","1/4/2013 12:59","Albuquerque NM","700 BLOCK LOMA VISTA DR NE Albuquerque NM",-106.6082234,35.0879933
"360",NA,"AUTO BURGLARY",130001038,"100 BLOCK AMHERST DR SE","Albuquerque Police","1/4/2013 10:40","Albuquerque NM","100 BLOCK AMHERST DR SE Albuquerque NM",-106.6057643,35.0798632
"361",NA,"AUTO BURGLARY",130000977,"1500 BLOCK GIRARD BL NE","Albuquerque Police","1/4/2013 6:41","Albuquerque NM","1500 BLOCK GIRARD BL NE Albuquerque NM",-106.612726,35.100378
"362",NA,"AUTO BURGLARY",130000971,"1800 BLOCK VASSAR DR NE","Albuquerque Police","1/4/2013 4:44","Albuquerque NM","1800 BLOCK VASSAR DR NE Albuquerque NM",-106.614707,35.104117
"363",NA,"AUTO BURGLARY",130000754,"300 BLOCK CORNELL DR SE","Albuquerque Police","1/3/2013 13:00","Albuquerque NM","300 BLOCK CORNELL DR SE Albuquerque NM",-106.6195493,35.077289
"364",NA,"AUTO BURGLARY",130000752,"200 BLOCK AMHERST DR SE","Albuquerque Police","1/3/2013 12:09","Albuquerque NM","200 BLOCK AMHERST DR SE Albuquerque NM",-106.605418,35.078926
"365",NA,"AUTO BURGLARY",130000562,"3700 BLOCK CONSTITUTION AV NE","Albuquerque Police","1/2/2013 17:08","Albuquerque NM","3700 BLOCK CONSTITUTION AV NE Albuquerque NM",-106.6032043,35.0948138
"366",NA,"AUTO BURGLARY",130000499,"1900 BLOCK MORNINGSIDE DR NE","Albuquerque Police","1/2/2013 15:11","Albuquerque NM","1900 BLOCK MORNINGSIDE DR NE Albuquerque NM",-106.6002728,35.1006174
"367",NA,"AUTO BURGLARY",130800015,"1800 BLOCK DARTMOUTH DR NE","Albuquerque Police","1/2/2013 11:30","Albuquerque NM","1800 BLOCK DARTMOUTH DR NE Albuquerque NM",-106.612383,35.103686
"368",NA,"AUTO BURGLARY",130000367,"2300 BLOCK MORROW RD NE","Albuquerque Police","1/2/2013 9:46","Albuquerque NM","2300 BLOCK MORROW RD NE Albuquerque NM",-106.623228,35.102278
"369",NA,"AUTO BURGLARY",130000327,"900 BLOCK AVENIDA MANANA NE","Albuquerque Police","1/2/2013 7:26","Albuquerque NM","900 BLOCK AVENIDA MANANA NE Albuquerque NM",-106.5979017,35.0927371
"370",NA,"AUTO BURGLARY",130000323,"900 BLOCK AVENIDA MANANA NE","Albuquerque Police","1/2/2013 7:26","Albuquerque NM","900 BLOCK AVENIDA MANANA NE Albuquerque NM",-106.5979017,35.0927371
"371",NA,"AUTO BURGLARY",130800012,"3400 BLOCK INDIAN SCHOOL RD NE","Albuquerque Police","1/1/2013 22:48","Albuquerque NM","3400 BLOCK INDIAN SCHOOL RD NE Albuquerque NM",-106.6061704,35.10195
"372",NA,"BURGLARY/BREAKING AND ENTERING",130000236,"500 BLOCK AMHERST DR SE","Albuquerque Police","1/1/2013 18:10","Albuquerque NM","500 BLOCK AMHERST DR SE Albuquerque NM",-106.605446,35.0734769
"373",NA,"BURGLARY/BREAKING AND ENTERING",130000204,"400 BLOCK AMHERST DR SE","Albuquerque Police","1/1/2013 15:51","Albuquerque NM","400 BLOCK AMHERST DR SE Albuquerque NM",-106.6057921,35.0754138
"374",NA,"AUTO BURGLARY",130000203,"800 BLOCK WELLESLEY DR NE","Albuquerque Police","1/1/2013 13:05","Albuquerque NM","800 BLOCK WELLESLEY DR NE Albuquerque NM",-106.607134,35.089606
"375",NA,"AUTO THEFT",130000118,"500 BLOCK ALISO DR NE","Albuquerque Police","1/1/2013 10:15","Albuquerque NM","500 BLOCK ALISO DR NE Albuquerque NM",-106.6009477,35.0855917
"376",NA,"AUTO THEFT",130000116,"1100 BLOCK SUMMIT DR NE","Albuquerque Police","1/1/2013 9:50","Albuquerque NM","1100 BLOCK SUMMIT DR NE Albuquerque NM",-106.609234,35.09301
